location,avg_temperature,avg_humidity
BuildingB_Floor2,24.35450331125827,55.118211920529816
BuildingA_Floor1,24.15565217391304,55.391801242236035
BuildingA_Floor2,23.9957258064516,55.47677419354837
BuildingB_Floor1,23.848910256410246,52.98820512820512
